UserId,Email,PasswordHash,UserType,FirstName,LastName
1,rphilot0@sciencedaily.com,aJs99OoWJqd,0,Rosy,Philot,,
2,flongson1@independent.co.uk,HiuY<Y,0,Fern,Longson,,
3,focollopy2@linkedin.com,AoELhSu|}>r,0,Fayette,O'Collopy,,
4,apiniur3@narod.ru,d5f|g]MKoty,0,Alane,Piniur,,
5,sisard4@dmoz.org,qyJJT>|ORaB,0,Sholom,Isard,,
6,ckeepe5@histats.com,wFinf5[J,0,Cinda,Keepe,,
7,tbateup6@ca.gov,j6M{z8|@l|M?,0,Tiphani,Bateup,,
8,bbarwise7@archive.org,USi4GyGQ,0,Biddy,Barwise,,
9,wkaasmann8@cargocollective.com,RU[Uzx,0,Wolf,Kaasmann,,
10,ttroctor9@accuweather.com,8PzYKFGa,0,Twila,Troctor,,
11,ecornillota@vinaora.com,ZGH]:MN=,0,Emanuel,Cornillot,,
12,mpoletb@wikia.com,GBnxHsk\<,1,Marena,Polet,,
13,dallinghamc@intel.com,RvX3W<>{Nv,1,Dieter,Allingham
14,eashenhurstd@ucsd.edu,M1;Qh<,1,Elianore,Ashenhurst
15,lkixe@accuweather.com,aEH6y_<,1,Lorenzo,Kix
16,ashillittof@ifeng.com,J8eeF8Qn\;w,1,Audi,Shillitto
17,jminichillog@drupal.org,4L7j^7P>U,1,Julianna,Minichillo
18,iservanteh@yellowpages.com,A{H5tMyRw]v,1,Ilise,Servante
19,mmcallani@vimeo.com,DGse}F,1,Mata,McAllan
20,kyakutinj@auda.org.au,DxEh[m8Y}rcs,1,Katleen,Yakutin
21,mmackibbonk@sbwire.com,W{qnhI,1,Maure,MacKibbon
22,scobleyl@howstuffworks.com,EsSORkLv,1,Sebastiano,Cobley
23,lpourvoieurm@bigcartel.com,GrUtv[T7~,1,Loren,Pourvoieur
24,sbookern@shop-pro.jp,X[7<uX78Y`sV,1,Silvano,Booker
25,elyddiardo@ed.gov,KfhZ\t\]x}t,1,Elwyn,Lyddiard
26,fgreenlyp@ovh.net,T{c3JU,1,Ferdinanda,Greenly
27,broncaq@ed.gov,7DUQV[]?pt,1,Brandea,Ronca
28,vmalamorer@symantec.com,hxd{6Z}?^9z,1,Vernor,Malamore
29,ccubbits@webmd.com,CEEVL|Y,1,Chastity,Cubbit
30,hbrinicombet@ovh.net,6z2<H:,1,Helli,Brinicombe
31,akennyu@nih.gov,rVZn5:>WP]pA,1,Ange,Kenny
32,nsabyv@issuu.com,h8;jur,1,Nicolai,Saby
33,atansillw@dagondesign.com,ak2S:nmn<`,1,Alice,Tansill
34,achatinx@sogou.com,Y32TXX>QZ,1,Ailsun,Chatin
35,rvotiery@baidu.com,OQGimj,1,Raynell,Votier
36,lmcdyerz@google.com.br,JN4nsI,1,Leopold,McDyer
37,ncalafate10@goo.ne.jp,NdC|\pkK,1,Nola,Calafate
38,aroon11@about.me,gboGxu,1,Armin,Roon
39,kmilkeham12@tripadvisor.com,NUwr5iiqlW},1,Kylie,Milkeham
40,agillivrie13@time.com,xSDe5i,1,Abby,Gillivrie
41,acroix14@slate.com,IWW[hUsKU,1,Alfi,Croix
42,cplace15@eventbrite.com,luIgpU<,1,Celinka,Place
43,mtretter16@moonfruit.com,7hX39q}U,1,Malvin,Tretter
44,jrisman17@aboutads.info,F9dQZ9,1,Joey,Risman
45,jkeay18@newyorker.com,oIfIPVMh,1,Jehanna,Keay
46,chalbard19@vkontakte.ru,keDGkp,1,Cele,Halbard
47,afewings1a@unc.edu,KUPJVkX{\,1,Antonina,Fewings
48,jpringour1b@engadget.com,i[Tu9VV9,1,Justinian,Pringour
49,swhite1c@linkedin.com,DzjjtOH;L9vq,1,Sydney,White
50,dleason1d@washingtonpost.com,5NRTOQj_,1,Dorice,Leason
51,aanlay1e@instagram.com,HW3j|<VJ,1,Amandie,Anlay
52,pgallemore1f@feedburner.com,Yw[L;Q?8nKYx,1,Pamela,Gallemore
53,bknutsen1g@xing.com,NEFWfKIqMjkC,1,Bess,Knutsen
54,astorer1h@geocities.jp,eY2w;lzr,1,Andra,Storer
55,jsecombe1i@delicious.com,pllVgxU,1,Jesse,Secombe
56,vsommerland1j@sbwire.com,arF6n],1,Viviene,Sommerland
57,tsowrey1k@wunderground.com,Iww\VFMPv>,1,Tootsie,Sowrey
58,dparmeter1l@yellowpages.com,fWY5s9PTmM,1,Darrell,Parmeter
59,meuels1m@ebay.com,eOW}VOU[_v,1,Myriam,Euels
60,sbrazear1n@youtube.com,4LeiqZVA,1,Stephenie,Brazear
61,ptomaselli1o@mac.com,mYnm[=z,1,Prentiss,Tomaselli
62,fsellar1p@hhs.gov,FD\dff,1,Fredia,Sellar
63,mewins1q@addthis.com,NS:o8L|,1,Margaret,Ewins
64,clouiset1r@timesonline.co.uk,fKn;5wPzN,1,Carlita,Louiset
65,cscarffe1s@blogs.com,KNW::RwoToxA,1,Constancia,Scarffe
66,mdelmage1t@webnode.com,kJ:y{8=n,1,Mac,Delmage
67,sinsall1u@census.gov,i6IvFfnoY,1,Sig,Insall
68,wfortie1v@wordpress.org,xoIKOT,1,Wilburt,Fortie
69,bgilardoni1w@eventbrite.com,uVtwrRV,1,Brittni,Gilardoni
70,dhuish1x@delicious.com,JYHEVQxa,1,Del,Huish
71,mblesing1y@ftc.gov,7cQnTFu]^,1,Melina,Blesing
72,wdobrovolski1z@businessinsider.com,uQudzHGKRr,1,Webster,Dobrovolski
73,qeggins20@disqus.com,h6oWWq,1,Quillan,Eggins
74,tchicchetto21@craigslist.org,TReR;Vu[8z,1,Tull,Chicchetto
75,rlionel22@163.com,f9o3tsR{m,1,Rafi,Lionel
76,cedsell23@desdev.cn,m2tkPJ^_x>,1,Cordey,Edsell
77,pcorcut24@hexun.com,kPWJenSpU,1,Prince,Corcut
78,cberthel25@godaddy.com,XBISRZj,1,Cati,Berthel
79,mwoollends26@hostgator.com,wz|84kHVm`,1,Melinda,Woollends
80,pfairbridge27@msu.edu,ukTPr0i,1,b4qxYt,Fairbridge
81,hfitzsimons28@chicagotribune.com,ZEyVEOGJ,1,Hamilton,Fitzsimons
82,rgreenmon29@geocities.jp,oLCIG}ZJ,1,Rip,Greenmon
83,twarton2a@google.fr,FvCp^P>qb9l,1,Tasha,Warton
84,thasson2b@timesonline.co.uk,3KX7n5w:u}bL,1,Thia,Hasson
85,gweatherdon2c@g.co,8eLRgn,1,Gilly,Weatherdon
86,cmccandless2d@omniture.com,u3qHk~t,1,Corby,McCandless
87,jshoubridge2e@phoca.cz,XeYjVf`XVS,1,Julia,Shoubridge
88,qcollete2f@ox.ac.uk,Mner^U\m],1,Quint,Collete
89,lkettlestring2g@constantcontact.com,J8PMgKlY,1,Lesly,Kettlestring
90,farndell2h@flickr.com,0GnSGTMH|,1,Floria,Arndell
91,cmeneghi2i@omniture.com,MWhq5juu,1,Claire,Meneghi
92,smcimmie2j@mapy.cz,DOnVjIsO,1,Stace,Mcimmie
93,spatshull2k@aboutads.info,erNKrjR,1,Sinclare,Patshull
94,nwilkisson2l@europa.eu,KoEX[T]p?O,1,Noah,Wilkisson
95,pcardenas2m@topsy.com,sRmT~rW<,1,Pembroke,Cardenas
96,mstudd2n@over-blog.com,RUZgL|UI,1,Martelle,Studd
97,lronchi2o@printfriendly.com,kG6OsNtp,1,Locke,Ronchi
98,chuzzay2p@adobe.com,o48Vp:g@,1,Cleve,Huzzay
99,mclendening2q@go.com,tiuTzvOox;,1,Man,Clendening
100,cwilliamson2r@symantec.com,mFX7envVnj,1,Catherin,Williamson
101,freinert2s@google.cn,PnfKso,1,Forrester,Reinert
102,odebold2t@yahoo.co.jp,Swdoo~yKs,1,Olly,Debold
103,layer2u@amazonaws.com,t8G|L;6Ok9,1,Lindsy,Ayer
104,adutchburn2v@multiply.com,kUm;j|,1,Arabelle,Dutchburn
105,mjohnstone2w@harvard.edu,xwS7Kt=M,1,Marietta,Johnstone
106,ijose2x@ucsd.edu,jMp:Ify=,1,Isadora,Jose
107,fpierson2y@paypal.com,Dex;Gfr_,1,Frederico,Pierson
108,erosenkrantz2z@miitbeian.gov.cn,Jyt:Fo,1,Eustacia,Rosenkrantz
109,mwestnedge30@youtube.com,54qy9i6{V,1,Marissa,Westnedge
110,fmctague31@newyorker.com,QkREkFU,1,Francine,McTague
111,lbeaushaw32@toplist.cz,fkm<4],1,Loralie,Beaushaw
112,cnewtown33@t-online.de,9mR;^T9xr,1,Coreen,Newtown
113,rrait34@shareasale.com,j958=N,1,Rosalinda,Rait
114,lmahood35@ycombinator.com,P{OjOxvnL,1,Lurleen,Mahood
115,efisbey36@zdnet.com,49EE|=,1,Eleni,Fisbey
116,dpawden37@1688.com,RPDww|=_^w>,1,Donna,Pawden
117,omillwall38@studiopress.com,POdRYs]|x`,1,Ole,Millwall
118,wchanson39@geocities.jp,0Gf3TmX,1,Winona,Chanson
119,jthurlborn3a@adobe.com,kxmIZi`I,1,Joscelin,Thurlborn
120,bconyard3b@usa.gov,B5:mh;I]I,1,Brien,Conyard
