UserId,Email,PasswordHash,UserType,FirstName,LastName
1,rphilot0@sciencedaily.com,YDIJlpK8,0,Rosy,Philot
2,flongson1@independent.co.uk,V21sPFb,0,Fern,Longson
3,focollopy2@linkedin.com,62sd9HwOKUC,0,Fayette,O'Collopy
4,apiniur3@narod.ru,uNscG8,0,Alane,Piniur
5,sisard4@dmoz.org,Pg3XQjbi,0,Sholom,Isard
6,ckeepe5@histats.com,JrmQ6tqVAd,0,Cinda,Keepe
7,tbateup6@ca.gov,utWQgr2,0,Tiphani,Bateup
8,bbarwise7@archive.org,gsYDIDeGZu06,0,Biddy,Barwise
9,wkaasmann8@cargocollective.com,pMYkqsij4pIq,0,Wolf,Kaasmann
10,ttroctor9@accuweather.com,ZIkvsQC1lG,0,Twila,Troctor
11,ecornillota@vinaora.com,xkxCm6c,0,Emanuel,Cornillot
12,mpoletb@wikia.com,M27eSpJJ,1,Marena,Polet
13,dallinghamc@intel.com,KmyTl9aNZM,1,Dieter,Allingham
14,eashenhurstd@ucsd.edu,MTVRmL,1,Elianore,Ashenhurst
15,lkixe@accuweather.com,oRYT3286PP,1,Lorenzo,Kix
16,ashillittof@ifeng.com,DpGIEu1,1,Audi,Shillitto
17,jminichillog@drupal.org,nlJbqr,1,Julianna,Minichillo
18,iservanteh@yellowpages.com,Lr3FYYDZzd,1,Ilise,Servante
19,mmcallani@vimeo.com,VPPkGkDNzI6,1,Mata,McAllan
20,kyakutinj@auda.org.au,L2iIbPKgj,1,Katleen,Yakutin
21,mmackibbonk@sbwire.com,Ll9ca7Q,1,Maure,MacKibbon
22,scobleyl@howstuffworks.com,N7jUmTvMbrrN,1,Sebastiano,Cobley
23,lpourvoieurm@bigcartel.com,GRrIoGWBiW,1,Loren,Pourvoieur
24,sbookern@shop-pro.jp,NaB94V,1,Silvano,Booker
25,elyddiardo@ed.gov,OJBGgDf,1,Elwyn,Lyddiard
26,fgreenlyp@ovh.net,mT79TbVh7Lj,1,Ferdinanda,Greenly
27,broncaq@ed.gov,lIQc11m,1,Brandea,Ronca
28,vmalamorer@symantec.com,xqJ0JCc,1,Vernor,Malamore
29,ccubbits@webmd.com,8ZfN9wu,1,Chastity,Cubbit
30,hbrinicombet@ovh.net,85LEv6O,1,Helli,Brinicombe
31,akennyu@nih.gov,ju1DQkZiN6,1,Ange,Kenny
32,nsabyv@issuu.com,AG9USq0h3zx,1,Nicolai,Saby
33,atansillw@dagondesign.com,GjSUvDaBXDS,1,Alice,Tansill
34,achatinx@sogou.com,yv300G,1,Ailsun,Chatin
35,rvotiery@baidu.com,9gJ5EaT9,1,Raynell,Votier
36,lmcdyerz@google.com.br,LNIOME9C,1,Leopold,McDyer
37,ncalafate10@goo.ne.jp,qBLHBB,1,Nola,Calafate
38,aroon11@about.me,HWuE3JcOp,1,Armin,Roon
39,kmilkeham12@tripadvisor.com,q3Y2Hn2S,1,Kylie,Milkeham
40,agillivrie13@time.com,1cRlI5KdzE,1,Abby,Gillivrie
41,acroix14@slate.com,SeOwSY,1,Alfi,Croix
42,cplace15@eventbrite.com,ZeVIzAZ,1,Celinka,Place
43,mtretter16@moonfruit.com,vWNrg7LR,1,Malvin,Tretter
44,jrisman17@aboutads.info,nTM4NS,1,Joey,Risman
45,jkeay18@newyorker.com,jSmgKJORZpw,1,Jehanna,Keay
46,chalbard19@vkontakte.ru,JozFIvPwKdhY,1,Cele,Halbard
47,afewings1a@unc.edu,hmzqoTDzcqEi,1,Antonina,Fewings
48,jpringour1b@engadget.com,NSDiu6FWg,1,Justinian,Pringour
49,swhite1c@linkedin.com,odaTh3aYZ,1,Sydney,White
50,dleason1d@washingtonpost.com,G4d2T0TtzmxV,1,Dorice,Leason
51,aanlay1e@instagram.com,yVKaJfZ2Lja,1,Amandie,Anlay
52,pgallemore1f@feedburner.com,offUI49,1,Pamela,Gallemore
53,bknutsen1g@xing.com,CFgdL2o9,1,Bess,Knutsen
54,astorer1h@geocities.jp,Z1Csk8,1,Andra,Storer
55,jsecombe1i@delicious.com,q2HVYxMwq,1,Jesse,Secombe
56,vsommerland1j@sbwire.com,8KqL9A,1,Viviene,Sommerland
57,tsowrey1k@wunderground.com,ZNyKAl,1,Tootsie,Sowrey
58,dparmeter1l@yellowpages.com,IzhQmbLIWfw,1,Darrell,Parmeter
59,meuels1m@ebay.com,Z5dcKLl5rw,1,Myriam,Euels
60,sbrazear1n@youtube.com,2PTZzVa,1,Stephenie,Brazear
61,ptomaselli1o@mac.com,3NJCwGh8f3,1,Prentiss,Tomaselli
62,fsellar1p@hhs.gov,2900ZHx5zN,1,Fredia,Sellar
63,mewins1q@addthis.com,kTn3Ncn,1,Margaret,Ewins
64,clouiset1r@timesonline.co.uk,4f2Av3Nz,1,Carlita,Louiset
65,cscarffe1s@blogs.com,eifWjsALZ,1,Constancia,Scarffe
66,mdelmage1t@webnode.com,DV6I7v,1,Mac,Delmage
67,sinsall1u@census.gov,ptuXnBBw,1,Sig,Insall
68,wfortie1v@wordpress.org,buU2q8TCJ,1,Wilburt,Fortie
69,bgilardoni1w@eventbrite.com,VrZOH7,1,Brittni,Gilardoni
70,dhuish1x@delicious.com,sAQU6ZGAq5,1,Del,Huish
71,mblesing1y@ftc.gov,5aJ6zN,1,Melina,Blesing
72,wdobrovolski1z@businessinsider.com,Zj2nRLX3,1,Webster,Dobrovolski
73,qeggins20@disqus.com,lJddDvZq,1,Quillan,Eggins
74,tchicchetto21@craigslist.org,tyDl6N,1,Tull,Chicchetto
75,rlionel22@163.com,UBsmY5Fy,1,Rafi,Lionel
76,cedsell23@desdev.cn,heHtan59uKfY,1,Cordey,Edsell
77,pcorcut24@hexun.com,cUJAIQm,1,Prince,Corcut
78,cberthel25@godaddy.com,XmzSwg44f,1,Cati,Berthel
79,mwoollends26@hostgator.com,T9pspL,1,Melinda,Woollends
80,pfairbridge27@msu.edu,ukTPr0i,1,Penrod,Fairbridge
81,hfitzsimons28@chicagotribune.com,VxgNrXGDU,1,Hamilton,Fitzsimons
82,rgreenmon29@geocities.jp,IOEufO,1,Rip,Greenmon
83,twarton2a@google.fr,Fpkyi43iRyL,1,Tasha,Warton
84,thasson2b@timesonline.co.uk,YXMd1y,1,Thia,Hasson
85,gweatherdon2c@g.co,CRYsk53qnwD,1,Gilly,Weatherdon
86,cmccandless2d@omniture.com,nwFnMpeBHJHs,1,Corby,McCandless
87,jshoubridge2e@phoca.cz,vyfVe6,1,Julia,Shoubridge
88,qcollete2f@ox.ac.uk,BniFZ5W1,1,Quint,Collete
89,lkettlestring2g@constantcontact.com,9rxIfL1kfT6,1,Lesly,Kettlestring
90,farndell2h@flickr.com,2cRqUXFnSgvf,1,Floria,Arndell
91,cmeneghi2i@omniture.com,2deA1miGa,1,Claire,Meneghi
92,smcimmie2j@mapy.cz,WkekilAfyw,1,Stace,Mcimmie
93,spatshull2k@aboutads.info,PvK7L6Z,1,Sinclare,Patshull
94,nwilkisson2l@europa.eu,0sqeR3fAM2ln,1,Noah,Wilkisson
95,pcardenas2m@topsy.com,aDaCuK6,1,Pembroke,Cardenas
96,mstudd2n@over-blog.com,yNBEzd,1,Martelle,Studd
97,lronchi2o@printfriendly.com,TjdibW2OK,1,Locke,Ronchi
98,chuzzay2p@adobe.com,TqBhmHPZ1,1,Cleve,Huzzay
99,mclendening2q@go.com,JKDQFu,1,Man,Clendening
100,cwilliamson2r@symantec.com,YCxTg2,1,Catherin,Williamson
101,freinert2s@google.cn,1vdnOABV6S,1,Forrester,Reinert
102,odebold2t@yahoo.co.jp,ifvDmT3I21z,1,Olly,Debold
103,layer2u@amazonaws.com,aadWcl,1,Lindsy,Ayer
104,adutchburn2v@multiply.com,27DkBgQj4r,1,Arabelle,Dutchburn
105,mjohnstone2w@harvard.edu,VQxRfC,1,Marietta,Johnstone
106,ijose2x@ucsd.edu,dm5hPc,1,Isadora,Jose
107,fpierson2y@paypal.com,3sqDvw5,1,Frederico,Pierson
108,erosenkrantz2z@miitbeian.gov.cn,4Z3D6k,1,Eustacia,Rosenkrantz
109,mwestnedge30@youtube.com,VgNKao,1,Marissa,Westnedge
110,fmctague31@newyorker.com,Xu9VHihzvD,1,Francine,McTague
111,lbeaushaw32@toplist.cz,GM2yVgnlJhov,1,Loralie,Beaushaw
112,cnewtown33@t-online.de,0XKoFZGk8rz,1,Coreen,Newtown
113,rrait34@shareasale.com,ru75cJAV,1,Rosalinda,Rait
114,lmahood35@ycombinator.com,V5TTZYa,1,Lurleen,Mahood
115,efisbey36@zdnet.com,8Ee7Y9OD9,1,Eleni,Fisbey
116,dpawden37@1688.com,HSpW0iDdHF,1,Donna,Pawden
117,omillwall38@studiopress.com,zymtmq74q0,1,Ole,Millwall
118,wchanson39@geocities.jp,4T24T0ln,1,Winona,Chanson
119,jthurlborn3a@adobe.com,n8hivbp6IAU7,1,Joscelin,Thurlborn
120,bconyard3b@usa.gov,vGRErW6,1,Brien,Conyard
