LocationId,Name,City,StateProvince
1,suscipit a,Albany,NY
2,mauris,Montgomery,AL
3,dolor morbi,Memphis,TN
4,curae mauris,Huntington,WV
5,integer non velit,Carson City,NV
6,habitasse,New Orleans,LA
7,bibendum morbi non,Charlotte,NC
8,pede,Melbourne,FL
9,in quis,Huntington,WV
10,ligula,Jackson,MS
11,in,Naples,FL
12,justo sollicitudin ut,Englewood,CO
13,faucibus,Gastonia,NC
14,cubilia,Tampa,FL
15,pellentesque volutpat dui,Los Angeles,CA
16,justo morbi ut,Portland,OR
17,donec posuere metus,Lexington,KY
18,odio consequat varius,Knoxville,TN
19,vestibulum velit,Madison,WI
20,eu mi nulla,Bozeman,MT
21,porttitor lacus at,Shreveport,LA
22,id turpis,Wichita,KS
23,nisl nunc,Miami,FL
24,mauris sit amet,Chicago,IL
